{"cameraMode":{"drawMode":0,"name":"Shaded","section":"Shading Mode"},"sceneLighting":true,"audioPlay":false,"sceneViewState":{"m_AlwaysRefresh":false,"showFog":true,"showSkybox":true,"showFlares":true,"showImageEffects":true,"showParticleSystems":true,"showVisualEffectGraphs":true,"m_FxEnabled":true},"in2DMode":false,"pivot":{"x":2.884333848953247,"y":1.6659541130065919,"z":0.8293020129203796},"rotation":{"x":-0.023937778547406198,"y":-0.8289510607719421,"z":0.035582613199949267,"w":-0.5576790571212769},"size":1.2019621133804322,"orthographic":false}